title,date
Hello,1/30/2025
Test123,2/2/2025
Title,2/10/2025
MyTitle,2/15/2025
Test@123,3/1/2025
Title#1!,3/5/2025
My_Title-2025,3/15/2025
Title*With*Special$Chars,3/20/2025
This is a very long title that goes on and on without stopping anytime soon,3/25/2025
AnotherExtremelyLongTitleThatContainsManyCharactersAndNoSpaces,3/30/2025
SupercalifragilisticexpialidociousEvenThoughTheSoundOfItIsSomethingQuiteAtrocious,4/1/2025
ABCDEFGHIJKLMNOPQRSTUVWXYZabcdefghijklmnopqrstuvwxyz0123456789,4/5/2025
The Quick Brown Fox Jumps Over The Lazy Dog Multiple Times,4/10/2025
In The Middle Of Difficulty Lies Opportunity And We Should All Seize It,4/15/2025
Title123WithNumbersAndSpecial#Chars!,4/20/2025
Combining123Letters&Numbers!,4/25/2025
Complex@Title#With$Everything*Included,4/30/2025
FirstTitleExample,5/1/2025
1234567890,5/5/2025
Just@Another#Title,5/10/2025
Special$Characters&Numbers456,5/15/2025
Title-Without-Spaces,5/20/2025
ExampleTitle_2025,5/25/2025
Title_with_underscores_and_numbers_123,5/30/2025
!@#Title$%^&*()_+,6/1/2025
Title_With_Mixed_Characters_123,6/5/2025
Short,6/10/2025
Title!With!Exclamation!Marks!,6/15/2025
Title_With_Hyphens-In-Between,6/20/2025
MixedTitle#With_Characters123,6/25/2025
A_Title_That_Goes_On_And_On,6/30/2025
Another_Long_Title_With_Numbers_123456,7/1/2025
Quick_Brown_Fox,7/5/2025
Jumps_Over_Lazy_Dog,7/10/2025
Seize_Opportunity,7/15/2025
VisibilityForAll,7/20/2025
Automated_Tests,7/25/2025
Test_Data_Example_One,7/30/2025
Test_Data_Example_Two,8/1/2025
Third_Example_Title,8/5/2025
Fourth_Example_Title123,8/10/2025
Another@Title!Example,8/15/2025
Yet#Another$Title@Example,8/20/2025
Title_With_Numbers_2025,8/25/2025
HelloWorld_2025,8/30/2025
MixedContent@Title#With$Numbers,9/1/2025
The_First_Example,9/5/2025
Another_Example_Title,9/10/2025
Example_With_Special_Characters!@#,9/15/2025
Testing_Title_123,9/20/2025
SimpleTitle_Example,9/25/2025
ExampleWithNumbers12345,9/30/2025
ShortTitle,10/1/2025
AnotherTitleExample,10/5/2025
Example_Title_With_Special_Chars,10/10/2025
A_Title_With_Everything!,10/15/2025
Yet_Another_Example,10/20/2025
Testing_Data,10/25/2025
Test_Example_With_Mixed_Chars123,10/30/2025
Long_Title_Example,11/1/2025
Example_With_Spaces,11/5/2025
Multiple_Words_Title_Example,11/10/2025
Example@Title_With_Mixed_Content,11/15/2025
Title_With_A_Lot_Of_Characters,11/20/2025
Another_Title_With_Numbers123,11/25/2025
Simple_Title,11/30/2025
Another_Simple_Title,12/1/2025
Example_Title123,12/5/2025
Test_Title_Example,12/10/2025
Long_Title_With_Characters_1234567890,12/15/2025
TitleWithMixedChars123!,12/20/2025
Example_Title_With_Mixed_Chars@!,12/25/2025
Title12345,12/30/2025
Another_Title@Example,2/1/2025
TestTitleWithMixedChars!,2/5/2025
Example_Title_2025,2/20/2025
Title_With_Everything!@#,3/2/2025
Test_Example_Title,3/10/2025
Another_Example_2025,3/18/2025
Example_Title_With_Mixed_Content,4/2/2025
Mixed_Content_Title!@#,4/8/2025
Title_With_Letters_Numbers_Special_Characters,4/12/2025
Another_Mixed_Content_Title,4/18/2025
SimpleExampleTitle,5/2/2025
Yet_Another_Example_Title,5/12/2025
Title_With_Numbers_And_Special_Chars!,5/22/2025
Example_Title_With_Everything!@#,6/2/2025
Test_Data_Example,6/18/2025
Another_Test_Title_2025,7/2/2025
Example_With_Mixed_Content,7/18/2025
Title_With_Characters_12345,8/2/2025
Another_Title_With_Special_Chars@,8/12/2025
Simple_Title_2025,8/18/2025
Test_Example_With_Characters,9/2/2025
Example_Title_12345,9/18/2025
Title_With_Letters_Numbers@!,9/28/2025